RPC,Description,Lithology,Vp,Vs,Rho,Rho_n
104818,KIAMICHI FORMA. 4,sandstone,3045.6,1595.7,2108.0,2109.1205853328656
104893,KIAMICHI REMOLD 3,sandstone,3000.6,1517.1,2126.0,2090.3420131307503
104652,NAVAJO ARCO 2,sandstone,3363.6,2041.5,2162.0,2131.9899820207106
104752,NAVAJO ARCO REMOL 1,sandstone,3195.3,1606.2,2160.0,2184.9392333485707
104598,FERRON 82-3 1677.5,sandstone,4237.5,2448.6,2428.0,2472.2307675893594
104601,FERRON 82-3 1677.5,sandstone,4319.1,2438.7,2428.0,2458.959707947306
104617,FERRON 82-3 1677.5,sandstone,4533.0,2726.7,2428.0,2397.1364341499784
104700,NAVAJO ARCO 3,sandstone,3538.5,2085.0,2084.0,2047.3621307528808
104674,NAVAJO ARCO 2,sandstone,3524.7,2015.4,2162.0,2210.528783243676
104678,NAVAJO ARCO 2,sandstone,3565.2,2080.8,2162.0,2141.620217448343
104657,NAVAJO ARCO 2,sandstone,3442.8,2117.7,2162.0,2194.5843621625027
104845,KIAMICHI FORMA. 1,sandstone,3352.2,1960.8,2066.0,2080.5501425324846
104666,NAVAJO ARCO 2,sandstone,3340.2,1819.2,2162.0,2158.1717550590038
104649,NAVAJO ARCO 2,sandstone,3318.9,2092.8,2162.0,2191.4936709153862
104711,NAVAJO ARCO REMOL 3,sandstone,4392.0,2887.0,2138.0,2178.400404536551
104777,NAVAJO ARCO REMOL 3,sandstone,3380.1,1712.4,2045.0,2007.898143373988
104827,KIAMICHI FORMA. 1,sandstone,3085.2,1758.0,2066.0,2115.69860313968
104683,NAVAJO ARCO 2,sandstone,3617.1,2107.8,2162.0,2187.030778460915
104712,NAVAJO ARCO REMOL 3,sandstone,5406.0,3455.0,2138.0,2115.2518624501336
104701,NAVAJO ARCO 3,sandstone,3620.7,2157.3,2084.0,2089.8801708473857
104581,FERRON 82-3 1677.5,sandstone,4017.0,2642.1,2428.0,2474.6606719901524
104654,NAVAJO ARCO 2,sandstone,3400.5,2148.6,2162.0,2132.7006355943868
104604,FERRON 82-3 1677.5,sandstone,4349.4,2600.4,2428.0,2431.952949959057
104814,KIAMICHI FORMA. 4,sandstone,3045.6,1734.6,2108.0,2060.486286257234
104756,NAVAJO ARCO REMOL 1,sandstone,3206.7,1627.5,2160.0,2145.8217304211817
104828,KIAMICHI FORMA. 1,sandstone,3096.6,1960.8,2066.0,2110.1461248325154
104615,FERRON 82-3 1677.5,sandstone,4541.4,2733.0,2428.0,2430.3765278187384
104817,KIAMICHI FORMA. 4,sandstone,3019.5,1595.7,2108.0,2071.602853993741
104687,NAVAJO ARCO 3,sandstone,3113.4,1890.3,2084.0,2079.68651896638
104608,FERRON 82-3 1677.5,sandstone,4364.7,2606.1,2428.0,2397.504773707147
104612,FERRON 82-3 1677.5,sandstone,4558.2,2700.0,2428.0,2418.536611426539
104643,NAVAJO ARCO 2,sandstone,3155.1,2013.3,2162.0,2191.9038371849147
104694,NAVAJO ARCO 3,sandstone,3361.5,2025.6,2084.0,2081.9428142273014
104575,FERRON 82-3 1677.5,sandstone,3627.9,2373.3,2428.0,2408.352556144572
104676,NAVAJO ARCO 2,sandstone,3596.1,2018.7,2162.0,2136.32943282882
104579,FERRON 82-3 1677.5,sandstone,3534.3,2373.3,2428.0,2379.9303806516496
104653,NAVAJO ARCO 2,sandstone,3381.9,2044.8,2162.0,2150.010960570655
104664,NAVAJO ARCO 2,sandstone,3149.7,1645.8,2162.0,2132.977829438585
104813,KIAMICHI FORMA. 4,sandstone,3012.3,1709.4,2108.0,2128.9406987865987
104890,KIAMICHI REMOLD 3,sandstone,3000.6,1509.9,2126.0,2078.276850355692
104753,NAVAJO ARCO REMOL 1,sandstone,3252.9,1627.5,2160.0,2192.9681547144646
104584,FERRON 82-3 1677.5,sandstone,4166.1,2642.1,2428.0,2430.2814333853157
104685,NAVAJO ARCO 2,sandstone,3675.9,2111.4,2162.0,2137.4188772748907
104580,FERRON 82-3 1677.5,sandstone,3836.1,2541.6,2428.0,2398.0405028281702
104689,NAVAJO ARCO 3,sandstone,3343.5,2015.7,2084.0,2071.9835478721343
104770,NAVAJO ARCO REMOL 3,sandstone,3020.1,1528.8,2045.0,2059.4709201648675
104600,FERRON 82-3 1677.5,sandstone,4237.5,2419.8,2428.0,2443.521594236412
104619,FERRON 82-3 1677.5,sandstone,3991.2,2407.8,2395.0,2400.851605044777
104644,NAVAJO ARCO 2,sandstone,3050.7,1953.3,2162.0,2130.3759236559617
104826,KIAMICHI FORMA. 1,sandstone,3047.7,1692.9,2066.0,2081.0903541463013
104843,KIAMICHI FORMA. 1,sandstone,3207.0,1924.8,2066.0,2078.054208248534
104621,FERRON 82-3 1677.5,sandstone,4223.1,2549.4,2395.0,2350.5812204281565
104622,FERRON 82-3 1677.5,sandstone,4319.1,2578.8,2395.0,2369.197183113138
104634,FERRON 82-3 1677.5,sandstone,4575.0,2826.6,2395.0,2439.491983039617
104706,NAVAJO ARCO 3,sandstone,3690.6,2184.0,2084.0,2082.3469768535424
104669,NAVAJO ARCO 2,sandstone,3437.1,1876.8,2162.0,2204.7143649322925
104856,KIAMICHI REMOLD 2,sandstone,5917.0,3665.0,2117.0,2164.875616004003
104830,KIAMICHI FORMA. 1,sandstone,3190.8,2075.4,2066.0,2039.452744071549
104692,NAVAJO ARCO 3,sandstone,3579.0,2140.8,2084.0,2119.177943427864
104624,FERRON 82-3 1677.5,sandstone,4467.6,2631.0,2395.0,2410.567261069309
104593,FERRON 82-3 1677.5,sandstone,4411.5,2813.7,2428.0,2426.55835973052
104594,FERRON 82-3 1677.5,sandstone,4443.3,2846.1,2428.0,2462.749792147619
104616,FERRON 82-3 1677.5,sandstone,4600.5,2742.0,2428.0,2453.527664334097
104585,FERRON 82-3 1677.5,sandstone,4017.0,2631.0,2428.0,2411.769349861345
104609,FERRON 82-3 1677.5,sandstone,4451.4,2679.6,2428.0,2399.894157152193
104755,NAVAJO ARCO REMOL 1,sandstone,3292.8,1617.6,2160.0,2165.4079307960724
104824,KIAMICHI FORMA. 4,sandstone,3053.1,1626.0,2108.0,2072.3598990256696
104673,NAVAJO ARCO 2,sandstone,3495.0,1887.0,2162.0,2128.8937951678126
104591,FERRON 82-3 1677.5,sandstone,4395.9,2839.8,2428.0,2451.834584505525
104586,FERRON 82-3 1677.5,sandstone,4259.4,2763.3,2428.0,2408.936721255081
104645,NAVAJO ARCO 2,sandstone,3084.9,1917.3,2162.0,2125.930163927085
104690,NAVAJO ARCO 3,sandstone,3435.9,2052.3,2084.0,2113.8810101167032
104709,NAVAJO ARCO 3,sandstone,3674.4,2178.3,2084.0,2125.469000400561
104679,NAVAJO ARCO 2,sandstone,3585.9,2067.3,2162.0,2181.295950857206
104587,FERRON 82-3 1677.5,sandstone,4274.1,2757.3,2428.0,2388.399207326416
104656,NAVAJO ARCO 2,sandstone,3423.9,2150.7,2162.0,2210.6601627060445
104646,NAVAJO ARCO 2,sandstone,3069.6,1848.9,2162.0,2210.1729003654764
104592,FERRON 82-3 1677.5,sandstone,4411.5,2820.3,2428.0,2386.0430545469158
104842,KIAMICHI FORMA. 1,sandstone,3365.7,1923.3,2066.0,2026.9796125529267
104658,NAVAJO ARCO 2,sandstone,3456.9,2106.9,2162.0,2209.730399826205
104623,FERRON 82-3 1677.5,sandstone,4388.1,2606.1,2395.0,2430.0051512938785
104590,FERRON 82-3 1677.5,sandstone,4244.7,2769.6,2428.0,2473.845082973866
104672,NAVAJO ARCO 2,sandstone,3451.5,1868.4,2162.0,2151.2849755281754
104852,KIAMICHI REMOLD 2,sandstone,5232.0,3083.0,2117.0,2127.769986465863
104668,NAVAJO ARCO 2,sandstone,3437.1,1860.0,2162.0,2207.6253573534923
104829,KIAMICHI FORMA. 1,sandstone,3142.8,2031.9,2066.0,2109.087910485768
104837,KIAMICHI FORMA. 1,sandstone,3316.8,1890.0,2066.0,2053.1560019377907
104855,KIAMICHI REMOLD 2,sandstone,4788.0,2954.0,2117.0,2134.0646294085627
104698,NAVAJO ARCO 3,sandstone,3652.8,2099.1,2084.0,2088.5758617071456
104680,NAVAJO ARCO 2,sandstone,3606.6,2074.2,2162.0,2184.122834834668
104662,NAVAJO ARCO 2,sandstone,3520.5,2169.3,2162.0,2146.3842347071536
104574,FERRON 82-3 1677.5,sandstone,3445.5,2315.4,2428.0,2445.334095340023
104841,KIAMICHI FORMA. 1,sandstone,3330.0,1935.0,2066.0,2084.633372862231
104583,FERRON 82-3 1677.5,sandstone,4110.6,2642.1,2428.0,2440.458790462132
104754,NAVAJO ARCO REMOL 1,sandstone,3252.9,1627.5,2160.0,2166.2202482340813
104667,NAVAJO ARCO 2,sandstone,3376.5,1848.9,2162.0,2206.193841294488
104688,NAVAJO ARCO 3,sandstone,3226.2,1947.9,2084.0,2115.1836119463987
104648,NAVAJO ARCO 2,sandstone,3062.1,1961.1,2162.0,2175.153717802183
104702,NAVAJO ARCO 3,sandstone,3685.2,2142.6,2084.0,2073.7493174081465
104775,NAVAJO ARCO REMOL 3,sandstone,3188.1,1741.5,2045.0,2015.5767233515521
104628,FERRON 82-3 1677.5,sandstone,4427.4,2733.0,2395.0,2351.9721769756648
104659,NAVAJO ARCO 2,sandstone,3481.2,2198.1,2162.0,2197.4740368134485
104771,NAVAJO ARCO REMOL 3,sandstone,3111.6,1521.3,2045.0,2060.5531405851184
104632,FERRON 82-3 1677.5,sandstone,4443.3,2785.2,2395.0,2430.751090306304
104650,NAVAJO ARCO 2,sandstone,3372.9,2148.6,2162.0,2208.8304428556844
104631,FERRON 82-3 1677.5,sandstone,4357.2,2720.7,2395.0,2385.290316946254
105090,Gas sand tight streak,sandstone,3250.0,1780.0,2440.0,2425.7600814076245
104713,NAVAJO ARCO REMOL 3,sandstone,5850.0,3379.0,2138.0,2096.172194833788
104614,FERRON 82-3 1677.5,sandstone,4524.6,2726.7,2428.0,2457.0678805641905
104602,FERRON 82-3 1677.5,sandstone,4187.4,2438.7,2428.0,2400.6188905058325
104891,KIAMICHI REMOLD 3,sandstone,3053.7,1542.3,2126.0,2099.491486479487
104844,KIAMICHI FORMA. 1,sandstone,3269.4,1966.8,2066.0,2066.5738741872265
104603,FERRON 82-3 1677.5,sandstone,4289.1,2541.6,2428.0,2403.1473677573363
104684,NAVAJO ARCO 2,sandstone,3643.8,2111.4,2162.0,2133.257599038483
104577,FERRON 82-3 1677.5,sandstone,3854.1,2400.9,2428.0,2417.3564057297995
104595,FERRON 82-3 1677.5,sandstone,4056.6,2389.2,2428.0,2467.3356192186293
104613,FERRON 82-3 1677.5,sandstone,4467.6,2685.3,2428.0,2466.655868437589
104704,NAVAJO ARCO 3,sandstone,3792.0,2122.5,2084.0,2056.404793447776
104637,FERRON 82-3 1677.5,sandstone,4541.4,2833.2,2395.0,2356.358287394065
104636,FERRON 82-3 1677.5,sandstone,4459.5,2794.8,2395.0,2419.081856072535
104699,NAVAJO ARCO 3,sandstone,3729.3,2094.0,2084.0,2094.429362149649
104832,KIAMICHI FORMA. 1,sandstone,3081.3,1761.6,2066.0,2070.4299960300064
104848,KIAMICHI REMOLD 2,sandstone,3289.0,2182.0,2117.0,2076.7107050064483
104695,NAVAJO ARCO 3,sandstone,3479.1,2088.6,2084.0,2062.6721444054087
104661,NAVAJO ARCO 2,sandstone,3481.2,2192.1,2162.0,2174.2281959604775
104778,NAVAJO ARCO REMOL 3,sandstone,3196.2,1746.3,2045.0,2069.8746394212562
104610,FERRON 82-3 1677.5,sandstone,4475.4,2682.3,2428.0,2474.515717311987
104597,FERRON 82-3 1677.5,sandstone,4166.1,2480.4,2428.0,2468.84375617906
104831,KIAMICHI FORMA. 1,sandstone,3235.8,2103.3,2066.0,2102.4853050548368
104576,FERRON 82-3 1677.5,sandstone,3714.9,2391.6,2428.0,2378.540791657586
104686,NAVAJO ARCO 2,sandstone,3606.6,2104.2,2162.0,2132.899798471989
104626,FERRON 82-3 1677.5,sandstone,4259.4,2636.7,2395.0,2366.875293712721
104819,KIAMICHI FORMA. 4,sandstone,3091.5,1610.1,2108.0,2092.075398238277
104642,NAVAJO ARCO 2,sandstone,3028.5,1893.9,2162.0,2149.24916320459
104633,FERRON 82-3 1677.5,sandstone,4524.6,2807.4,2395.0,2409.534882500817
104651,NAVAJO ARCO 2,sandstone,3341.1,2061.6,2162.0,2142.465915748065
104840,KIAMICHI FORMA. 1,sandstone,3290.7,1924.8,2066.0,2038.4522878988544
104703,NAVAJO ARCO 3,sandstone,3740.7,2142.6,2084.0,2096.486019291869
104660,NAVAJO ARCO 2,sandstone,3581.1,2251.5,2162.0,2155.0099611867868
104894,KIAMICHI REMOLD 3,sandstone,5993.0,2875.0,2061.0,2086.56191575662
104850,KIAMICHI REMOLD 2,sandstone,4700.0,2872.0,2117.0,2145.9705745748597
104627,FERRON 82-3 1677.5,sandstone,4341.9,2706.0,2395.0,2442.8306002403447
104823,KIAMICHI FORMA. 4,sandstone,3138.6,1629.3,2108.0,2134.0895593148784
104655,NAVAJO ARCO 2,sandstone,3495.9,2198.1,2162.0,2192.7576912666877
104835,KIAMICHI FORMA. 1,sandstone,3215.1,1874.4,2066.0,2043.0842621242496
104747,NAVAJO ARCO REMOL 1,sandstone,3003.3,1467.3,2160.0,2175.294380341836
104675,NAVAJO ARCO 2,sandstone,3540.0,2015.4,2162.0,2153.0333346483744
104839,KIAMICHI FORMA. 1,sandstone,3215.1,1921.8,2066.0,2077.807183212554
104768,NAVAJO ARCO REMOL 3,sandstone,3088.2,1518.6,2045.0,2011.3497817099594
104772,NAVAJO ARCO REMOL 3,sandstone,3175.8,1563.6,2045.0,2017.3667005489874
104629,FERRON 82-3 1677.5,sandstone,4491.9,2754.3,2395.0,2441.111916739947
104717,NAVAJO ARCO REMOL 3,sandstone,5907.0,3592.0,2138.0,2097.90548770454
104696,NAVAJO ARCO 3,sandstone,3518.4,2102.7,2084.0,2105.4095877547575
104639,FERRON 82-3 1677.5,sandstone,4643.7,2869.2,2395.0,2349.1267694258263
104611,FERRON 82-3 1677.5,sandstone,4524.6,2691.3,2428.0,2415.1458977323473
104606,FERRON 82-3 1677.5,sandstone,4388.1,2622.6,2428.0,2470.840653697337
104834,KIAMICHI FORMA. 1,sandstone,3150.9,1870.5,2066.0,2113.9985657945094
104670,NAVAJO ARCO 2,sandstone,3465.9,1840.8,2162.0,2113.422938752818
104638,FERRON 82-3 1677.5,sandstone,4592.1,2856.0,2395.0,2435.8028587204612
104851,KIAMICHI REMOLD 2,sandstone,4991.0,2880.0,2117.0,2096.2876762789224
104596,FERRON 82-3 1677.5,sandstone,4083.6,2422.2,2428.0,2448.702490455231
104691,NAVAJO ARCO 3,sandstone,3523.5,2100.9,2084.0,2132.022210842822
104833,KIAMICHI FORMA. 1,sandstone,3089.1,1823.1,2066.0,2048.240253189948
104605,FERRON 82-3 1677.5,sandstone,4388.1,2608.8,2428.0,2431.736591026673
104822,KIAMICHI FORMA. 4,sandstone,3068.4,1588.5,2108.0,2111.437446514225
104665,NAVAJO ARCO 2,sandstone,3227.4,1726.8,2162.0,2173.1039183025523
104588,FERRON 82-3 1677.5,sandstone,4304.1,2745.0,2428.0,2406.591575198381
104821,KIAMICHI FORMA. 4,sandstone,3049.5,1625.1,2108.0,2128.402391978974
104630,FERRON 82-3 1677.5,sandstone,4549.8,2775.9,2395.0,2371.863709173439
104773,NAVAJO ARCO REMOL 3,sandstone,3290.1,1608.6,2045.0,2082.139979994148
104748,NAVAJO ARCO REMOL 1,sandstone,3082.2,1500.0,2160.0,2141.271228187689
104750,NAVAJO ARCO REMOL 1,sandstone,3187.8,1465.8,2160.0,2200.070976470766
104635,FERRON 82-3 1677.5,sandstone,4626.3,2846.1,2395.0,2422.997133924118
104892,KIAMICHI REMOLD 3,sandstone,3086.4,1489.2,2126.0,2089.256116949589
104847,KIAMICHI FORMA. 1,sandstone,3321.3,1979.1,2066.0,2093.6877336634343
104697,NAVAJO ARCO 3,sandstone,3605.1,2113.5,2084.0,2132.020761949524
104677,NAVAJO ARCO 2,sandstone,3485.4,2028.6,2162.0,2189.351205308606
104846,KIAMICHI FORMA. 1,sandstone,3388.2,1973.1,2066.0,2038.839719773028
104671,NAVAJO ARCO 2,sandstone,3340.2,1832.7,2162.0,2153.508582859168
104618,FERRON 82-3 1677.5,sandstone,3933.9,2366.4,2395.0,2349.794797591745
104708,NAVAJO ARCO 3,sandstone,3786.0,2172.6,2084.0,2115.879038532829
104625,FERRON 82-3 1677.5,sandstone,4166.1,2536.5,2395.0,2377.934570389311
104707,NAVAJO ARCO 3,sandstone,3729.3,2174.4,2084.0,2061.1527722948927
104776,NAVAJO ARCO REMOL 3,sandstone,3298.8,1684.2,2045.0,2060.231904154285
104607,FERRON 82-3 1677.5,sandstone,4459.5,2625.3,2428.0,2402.5263569882445
104749,NAVAJO ARCO REMOL 1,sandstone,3135.9,1459.5,2160.0,2163.213885081637
104582,FERRON 82-3 1677.5,sandstone,4070.1,2647.8,2428.0,2470.015228239162
104620,FERRON 82-3 1677.5,sandstone,4110.6,2498.1,2395.0,2425.301012035868
104836,KIAMICHI FORMA. 1,sandstone,3290.7,1875.9,2066.0,2109.3284570802293
104578,FERRON 82-3 1677.5,sandstone,3878.4,2400.9,2428.0,2468.363319909029
104849,KIAMICHI REMOLD 2,sandstone,3863.0,2406.0,2117.0,2109.8845698776017
104589,FERRON 82-3 1677.5,sandstone,4319.1,2745.0,2428.0,2425.231094715127
104705,NAVAJO ARCO 3,sandstone,3626.1,2118.9,2084.0,2054.8021195719925
104640,FERRON 82-3 1677.5,sandstone,4541.4,2836.5,2395.0,2364.658328087983
104681,NAVAJO ARCO 2,sandstone,3643.8,2077.8,2162.0,2113.0096230946
104710,NAVAJO ARCO REMOL 3,sandstone,3768.0,2648.0,2138.0,2116.223464767337
104682,NAVAJO ARCO 2,sandstone,3560.1,2070.9,2162.0,2185.7369421700573
104599,FERRON 82-3 1677.5,sandstone,4223.1,2431.5,2428.0,2467.37895700568
104693,NAVAJO ARCO 3,sandstone,3610.2,2155.5,2084.0,2121.265643052756
104751,NAVAJO ARCO REMOL 1,sandstone,3030.3,1475.4,2160.0,2200.619988682245
101023,Gray Shale,shale,4953.660011,2957.260132,2710.0000379999997,2716.638630266801
100978,Olentangy Shale,shale,3444.6582789999998,2318.002224,2680.0000670000004,2695.5084606935447
100993,Brown Gas Shale,shale,3507.803917,2218.52994,2559.999943,2561.015922557937
101048,Shale 2 (Density is assumed constant),shale,2988.889933,1633.3299880000006,2600.0,2564.4066530072823
100417,Tight gas shale,shale,3642.0,2221.0,2460.0,2419.447754657335
101024,Gray Shale,shale,4987.068176,2963.4923940000012,2710.0000379999997,2699.4527311986817
100969,Marcellus Black Shale,shale,4395.760536,2587.1272089999998,2509.999991,2543.268745691404
100073,Hard shale,shale,3819.0207479999995,2521.0464,2626.0,2577.656723311537
101057,Shale 2 (Density is assumed constant),shale,3033.329964,1633.3299880000006,2600.0,2605.834169690365
100050,Shale,shale,2402.738333,1447.172165,2354.0,2387.896562108249
100124,Pierre shale,shale,2202.0,969.0,2250.0,2292.802788748693
100999,Brown Gas Shale,shale,3893.1028840000004,2444.7009559999997,2559.999943,2548.6209586847303
100052,Shale,shale,2509.11665,1487.700939,2354.0,2324.628070362844
100829,Jurassic Shale (Table 7.2) Outcrop,shale,3545.0,1830.0,2500.0,2536.7311481884367
100063,Hard shale,shale,3726.7513280000003,2377.921343,2605.0,2599.495209727109
100982,Olentangy Shale,shale,3750.621796,2458.61268,2680.0000670000004,2690.8247748891145
100068,Hard shale,shale,3965.976238,2627.777576,2627.0,2626.5873657166144
100738,Beijing Jurassic Shale,shale,5258.46,2262.08,2550.0,2574.2031676380866
100836,Kimmeridge Shale,shale,3669.0,1958.0,2590.0,2573.4980668699845
100082,Hard shale,shale,4408.833504,2687.6978870000007,2597.0,2645.971885600142
100125,Shale,shale,3048.0,1490.0,2420.0,2377.033149038862
100436,Caney Shale,shale,1490.711927,1084.652305,2295.0000760000007,2259.826927159395
101108,Oficina Dolomitized Shale,shale,5191.0,3024.0,2780.0,2734.5167894690367
100129,Green River shale,shale,4404.0,2582.0,2310.0,2309.5990991656786
100368,Bakken Formation,shale,3850.0,2400.0,2480.0,2495.447522894479
100977,Olentangy Shale,shale,3238.066435,2252.693176,2680.0000670000004,2649.9338396226003
101004,Brown Gas Shale,shale,4722.784042,2738.61289,2559.999943,2526.3606479288887
100963,Marcellus Black Shale,shale,3787.166357,2344.783306,2509.999991,2491.191795310607
100986,Olentangy Shale,shale,4484.6339229999985,2676.598549,2680.0000670000004,2641.335261277807
101007,Brown Gas Shale,shale,5069.825172,2944.804907,2559.999943,2545.8969864038863
101055,Shale 2 (Density is assumed constant),shale,3044.440031,1664.809942,2600.0,2614.1916060033545
100985,Olentangy Shale,shale,4319.342136,2627.353191,2680.0000670000004,2726.357085337926
100739,Beijing Jurassic Shale,shale,5320.42,2276.11,2550.0,2594.066438313689
101050,Shale 2 (Density is assumed constant),shale,2888.890028000001,1624.070048,2600.0,2564.961317983889
100965,Marcellus Black Shale,shale,3921.541214,2395.214319,2509.999991,2552.112853427431
100077,Hard shale,shale,3792.9830549999997,2276.750803,2560.0,2599.985068831043
100046,Shale,shale,2290.8408640000002,1340.9656289999998,2319.0,2275.350363487649
100816,Woodford Shale,shale,2860.0,1562.0,2270.0,2279.9005251028
100814,Woodford Shale,shale,2980.0,1650.0,2090.0,2065.811167310381
100035,Shale,shale,3235.11219,1572.615147,2511.0,2518.229826496149
100033,Shale,shale,3442.093372,1749.4659420000007,2408.0,2444.880245504812
100058,Shale,shale,2740.856648,1378.999353,2440.0,2464.752833961667
100031,Shale,shale,3198.837042,1603.3084390000001,2408.0,2401.3970137254296
101005,Brown Gas Shale,shale,4792.5724979999995,2877.716303,2559.999943,2548.366241609118
101013,Gray Shale,shale,4024.830818,2489.831686,2710.0000379999997,2759.5699633540253
100120,Wills Point shale,shale,4130.0,2380.0,2640.0,2635.498659167328
100964,Marcellus Black Shale,shale,3854.939461,2361.713171,2509.999991,2528.8584337360826
100599,Laminated Mudstone,shale,3043.0,1342.0,2492.0,2479.56968029487
100732,Beijing Jurassic Shale,shale,4993.92,1943.88,2550.0,2507.0222155434462
101056,Shale 2 (Density is assumed constant),shale,3024.070025,1644.440055,2600.0,2634.9211307847554
101045,Shale 2 (Density is assumed constant),shale,2844.4399829999998,1566.669941,2600.0,2634.3677927631093
100817,Woodford Shale,shale,2532.0,1492.0,2260.0,2223.313060199024
100837,Kimmeridge Shale,shale,3736.0,1996.0,2590.0,2570.006883902054
101100,Oficina Sandy Shale,shale,3119.0,2020.0,2390.0,2355.303673070947
100101,Mesaverde clayshale,shale,3794.0,2074.0,2560.0,2541.7046344650075
100833,Kimmeridge Shale,shale,3476.0,1863.0,2590.0,2637.656935396815
100034,Shale,shale,3117.888212000001,1531.561017,2511.0,2501.296286192323
100972,Marcellus Black Shale,shale,4773.766518,2700.1547809999997,2509.999991,2546.2403899813266
101053,Shale 2 (Density is assumed constant),shale,3144.4399359999998,1655.560017,2600.0,2613.243463904736
100825,Jurassic Shale (Table 7.2) Outcrop,shale,3001.0,1401.0,2500.0,2531.1662531309616
101097,Oficina Sandy Shale,shale,2809.0,1936.0,2390.0,2343.5969532602508
100080,Hard shale,shale,4265.9020420000015,2660.337687,2597.0,2580.978536855233
100121,Cotton Valley Shale,shale,4721.0,2890.0,2640.0,2650.770665044395
101104,Oficina Sandy Shale,shale,3428.0,2127.0,2390.0,2418.4607118910644
100071,Hard shale,shale,3728.709459,2495.9983829999996,2626.0,2635.3609024553093
100390,Alberta Shale,shale,3900.0,2600.0,2600.0,2646.92396182471
101111,Oficina Dolomitized Shale,shale,5244.0,3040.0,2780.0,2754.996976783321
100411,Tight gas shale,shale,3373.0,2124.0,2400.0,2382.6977933150524
100989,Olentangy Shale,shale,4852.295876,2765.728474,2680.0000670000004,2690.985571790436
101014,Gray Shale,shale,4151.2012479999985,2555.6535719999997,2710.0000379999997,2683.8199423717865
100362,Bakken Formation,shale,3380.0,2120.0,2220.0,2224.389985444109
100067,Hard shale,shale,3853.522778,2579.530478,2627.0,2644.374797996999
100834,Kimmeridge Shale,shale,3552.0,1895.0,2590.0,2595.8612023175447
100040,Shale,shale,3737.190008,2048.3663079999997,2574.0,2595.1481816185565
101011,Gray Shale,shale,3837.088347,2391.5596010000004,2710.0000379999997,2713.8710844588118
100078,Hard shale,shale,3879.533529,2288.729191,2560.0,2540.266305909653
100991,Olentangy Shale,shale,5022.337914,2825.7873059999997,2680.0000670000004,2688.5842875077205
101109,Oficina Dolomitized Shale,shale,5207.0,3031.0,2780.0,2773.408492224916
100996,Brown Gas Shale,shale,3734.3423369999996,2404.422998,2559.999943,2523.546175651888
100422,Tight gas shale,shale,3936.0,2382.0,2580.0,2586.0540478291564
101099,Oficina Sandy Shale,shale,3003.0,1987.0,2390.0,2406.554456316625
100045,Shale,shale,3374.109507,1699.286342,2535.0,2504.508323391508
100061,Shale,shale,2941.366911,1424.32034,2440.0,2466.663033956172
100737,Beijing Jurassic Shale,shale,5217.91,2219.22,2550.0,2587.766128202243
101098,Oficina Sandy Shale,shale,2879.0,1954.0,2390.0,2359.897205655601
100971,Marcellus Black Shale,shale,4664.009571000001,2648.009062,2509.999991,2483.525107058531
100366,Bakken Formation,shale,4210.0,2520.0,2550.0,2575.486503286793
100437,Woodford,shale,3669.5158479999996,2461.585999,2525.000095,2532.139375493731
100597,Laminated Mudstone,shale,3066.0,1459.0,2510.0,2544.030366711518
100048,Shale,shale,2409.196138,1402.271271,2319.0,2269.716519855654
100059,Shale,shale,2813.171625,1395.249486,2440.0,2433.43717288378
101101,Oficina Sandy Shale,shale,3209.0,2048.0,2390.0,2412.778083709392
100097,Mesaverde clayshale,shale,3928.0,2055.0,2590.0,2584.5261400758827
100980,Olentangy Shale,shale,3665.083408,2381.520748,2680.0000670000004,2667.87749410288
100598,Lenticular & Laminated Mudstone,shale,3443.0,1721.0,2516.0,2486.435977802657
100365,Bakken Formation,shale,3290.0,1860.0,2350.0,2397.119438262295
100105,Mesaverde mudshale,shale,5073.0,2998.0,2680.0,2682.3097545429305
100147,Anisotropic shale,shale,2745.0,1508.0,2340.0,2321.012104850521
100962,Marcellus Black Shale,shale,3750.165939,2301.913261,2509.999991,2545.707899873902
100835,Kimmeridge Shale,shale,3602.0,1928.0,2590.0,2613.4084453941173
100420,Tight gas shale,shale,3612.0,2140.0,2470.0,2469.052332202774
100979,Olentangy Shale,shale,3540.80677,2334.04398,2680.0000670000004,2646.536991816743
100438,Woodford,shale,3502.23136,2484.325886,2559.999943,2588.337405783298
101058,Shale 2 (Density is assumed constant),shale,3077.7800079999997,1711.1099960000001,2600.0,2622.173181072701
100060,Shale,shale,2867.9974079999997,1409.8598960000006,2440.0,2440.68044172023
100069,Hard shale,shale,4067.380428,2655.8752059999997,2627.0,2615.2963083879927
100064,Hard shale,shale,3789.063931,2395.613432,2605.0,2643.0683267028603
100997,Brown Gas Shale,shale,3827.327728,2404.422998,2559.999943,2535.7485617541624
100826,Jurassic Shale (Table 7.2) Outcrop,shale,3120.0,1520.0,2500.0,2494.175242287913
100238,Jurassic North Sea Shale,shale,3296.0,1660.0,2490.0,2456.8693401337696
100838,Kimmeridge Shale,shale,3777.0,2020.0,2590.0,2615.472133580495
101112,Oficina Dolomitized Shale,shale,5267.0,3047.0,2780.0,2807.050886430869
100076,Hard shale,shale,3703.355789,2264.7089960000008,2560.0,2555.321922495566
100410,Tight gas shale,shale,3531.0,2307.0,2450.0,2422.1808682823653
101001,Brown Gas Shale,shale,4271.087170000002,2561.737776,2559.999943,2523.880625380875
100973,Marcellus Black Shale,shale,4876.972675,2736.793518,2509.999991,2473.823702895635
100815,Woodford Shale,shale,2902.0,1610.0,2130.0,2151.3029792495445
100828,Jurassic Shale (Table 7.2) Outcrop,shale,3436.0,1762.0,2500.0,2473.831803254808
101062,Shale 2 (Density is assumed constant),shale,3466.670036,1877.779961,2600.0,2615.9726740413143
100364,Bakken Formation,shale,3510.0,2030.0,2340.0,2373.354240042797
100032,Shale,shale,3360.904932,1686.6191629999994,2408.0,2359.5803335069663
100367,Bakken Formation,shale,3720.0,2250.0,2380.0,2392.4133444441563
101102,Oficina Sandy Shale,shale,3291.0,2076.0,2390.0,2381.450842661072
100984,Olentangy Shale,shale,4124.915123,2569.917917,2680.0000670000004,2666.386860808825
100425,Tight gas shale,shale,3537.0,2168.0,2470.0,2441.533631987586
100036,Shale,shale,3314.162254,1620.016217,2511.0,2493.7916969095318
100418,Tight gas shale,shale,3214.0,2104.0,2420.0,2418.5508067945293
100092,Mesaverde mudshale,shale,4529.0,2703.0,2520.0,2552.656726362469
101103,Oficina Sandy Shale,shale,3361.0,2103.0,2390.0,2354.1588231066426
100394,Nahr Umr Shale,shale,4158.0,1622.0,2567.0,2587.725864798253
100057,Shale,shale,3353.567123000001,1578.86827,2439.0,2479.113071512001
100416,Tight gas shale,shale,3522.0,2314.0,2410.0,2395.6101937949247
100818,Woodford Shale,shale,2615.0,1571.0,2180.0,2217.2037549967786
101016,Gray Shale,shale,4376.218796,2709.828854,2710.0000379999997,2728.189793777223
101019,Gray Shale,shale,4646.150589,2855.692864,2710.0000379999997,2691.3527917303422
100831,Kimmeridge Shale,shale,3246.0,1706.0,2590.0,2601.46570353371
100433,Barnett Shale,shale,2429.5022489999997,1680.15635,2338.000059,2345.1165196528327
100043,Shale,shale,3222.822905,1606.200934,2535.0,2543.3063638457197
100987,Olentangy Shale,shale,4615.839005,2731.7917350000002,2680.0000670000004,2678.980268340329
100053,Shale,shale,2530.191422,1494.822502,2354.0,2335.4860101977665
100832,Kimmeridge Shale,shale,3392.0,1811.0,2590.0,2594.364707404517
100990,Olentangy Shale,shale,4921.018124,2785.89201,2680.0000670000004,2659.6142037112672
100551,NW Shelf Australia Shale,shale,3081.0,2250.0,2450.0,2406.3007935866026
100065,Hard shale,shale,3839.3857479999997,2409.195423,2605.0,2597.642100713232
101042,Shale 2 (Density is assumed constant),shale,2933.330059,1555.559993,2600.0,2637.755713961533
100970,Marcellus Black Shale,shale,4534.067631,2625.3438,2509.999991,2538.400014510005
100081,Hard shale,shale,4333.960056,2675.492525,2597.0,2574.8706661279925
100042,Shale,shale,3911.908865,2169.936657,2574.0,2584.758998187872
101010,Gray Shale,shale,3774.06168,2360.499144000001,2710.0000379999997,2677.354974510159
101003,Brown Gas Shale,shale,4614.006996,2636.877775,2559.999943,2584.020790822455
100976,Marcellus Black Shale,shale,5181.948662,2829.835415,2509.999991,2539.5937525970435
100434,Caney Shale,shale,1672.118664,1144.8214050000001,2289.000034,2337.6129033682323
101015,Gray Shale,shale,4212.965488,2584.369659,2710.0000379999997,2758.1948946011626
100054,Shale,shale,3080.177784,1347.708464,2439.0,2419.8381513708496
101002,Brown Gas Shale,shale,4410.569668,2629.460573,2559.999943,2609.1219336007234
101106,Oficina Dolomitized Shale,shale,5172.0,3021.0,2780.0,2774.986664269791
100079,Hard shale,shale,4173.278332,2638.537407,2597.0,2549.8436248679363
101017,Gray Shale,shale,4451.460362,2750.377417,2710.0000379999997,2680.8628689611874
100968,Marcellus Black Shale,shale,4224.761009000002,2516.875267000001,2509.999991,2486.4911492213905
100363,Bakken Formation,shale,3460.0,2000.0,2330.0,2304.474350247075
100415,Tight gas shale,shale,3880.0,2453.0,2490.0,2502.688718896903
100216,Greenhorn Shale (5kft @ 1bar),shale,3048.0,1490.0,2420.0,2378.5431564179626
100413,Tight gas shale,shale,3512.0,2349.0,2450.0,2495.290824783
101114,Oficina Dolomitized Shale,shale,5284.0,3058.0,2780.0,2823.2877330782417
100038,Shale,shale,3379.4331549999997,1698.574066,2499.0,2460.075096553685
100426,Tight gas shale,shale,3480.0,2175.0,2480.0,2490.9959781343728
100966,Marcellus Black Shale,shale,3956.939459,2411.790371,2509.999991,2546.75438732454
100072,Hard shale,shale,3774.891853,2508.9330670000004,2626.0,2667.1024353651237
100126,Shale,shale,3377.0,1490.0,2420.0,2413.1634246275266
101020,Gray Shale,shale,4752.160072,2881.420374,2710.0000379999997,2661.8036547437296
101107,Oficina Dolomitized Shale,shale,5181.0,3021.0,2780.0,2803.5910534911877
100074,Hard shale,shale,3870.5246450000004,2535.355568,2626.0,2602.079711660306
100432,Barnett Shale,shale,2989.703894,2235.1949219999997,2562.000036,2551.2508794605546
100981,Olentangy Shale,shale,3730.6714060000004,2435.7411859999997,2680.0000670000004,2634.85599513721
100049,Shale,shale,2449.137688,1420.602441,2319.0,2269.422438768905
100066,Hard shale,shale,3902.3590090000002,2426.659346,2605.0,2642.62435338608
101043,Shale 2 (Density is assumed constant),shale,2900.000095,1577.780008,2600.0,2637.5507936436497
100994,Brown Gas Shale,shale,3573.994637,2279.322863,2559.999943,2526.1055289716264
101008,Brown Gas Shale,shale,5134.899139,2984.333992000001,2559.999943,2564.9209708394114
100055,Shale,shale,3214.996576,1462.9495140000001,2439.0,2420.255870685101
101009,Gray Shale,shale,3067.506075,2207.0000170000008,2710.0000379999997,2664.8890850659104
100107,Mesaverde mudshale,shale,4296.0,2471.0,2660.0,2692.037615547506
100974,Marcellus Black Shale,shale,4978.0392649999985,2772.948504,2509.999991,2503.993847431081
100056,Shale,shale,3287.508011,1523.3591800000006,2439.0,2402.08156395227
100736,Beijing Jurassic Shale,shale,5180.48,2188.68,2550.0,2530.844346103685
101063,Mancos Shale (Decane Saturated),shale,3441.8400880000013,2117.649902,2600.0,2607.5486972603007
100735,Beijing Jurassic Shale,shale,5159.53,2134.35,2550.0,2501.602393772761
100435,Caney Shale,shale,1694.716096,1123.373032,2298.000097,2272.437648718755
101018,Gray Shale,shale,4549.847126,2816.6611199999998,2710.0000379999997,2736.8844515600645
100047,Shale,shale,2357.6323989999996,1375.884175,2319.0,2365.237903228682
100051,Shale,shale,2464.704037,1470.468283,2354.0,2382.6469952257457
100128,Green River shale,shale,4167.0,2432.0,2310.0,2337.9858497209675
100998,Brown Gas Shale,shale,3862.884522,2436.698675,2559.999943,2564.3954208220002
101105,Oficina Sandy Shale,shale,3453.0,2136.0,2390.0,2392.586042533323
100062,Shale,shale,3004.095554,1434.355974,2440.0,2445.0680800878245
101113,Oficina Dolomitized Shale,shale,5267.0,3054.0,2780.0,2781.691251441749
100424,Tight gas shale,shale,3536.0,2329.0,2430.0,2421.7737013628603
100992,Olentangy Shale,shale,5092.429161,2845.525503000001,2680.0000670000004,2667.2169124433467
100044,Shale,shale,3324.6433739999998,1667.652607,2535.0,2570.0526959274425
100975,Marcellus Black Shale,shale,5077.095032,2787.278891,2509.999991,2521.5014854354954
100145,Limestone-shale,limestone,3306.0,1819.0,2440.0,2442.305414678517
100146,LS-anisotropic shale,limestone,3306.0,1819.0,2440.0,2462.3276583749835
101422,DSDP S.210 616 M,limestone,2055.77,441.27,2080.0,2112.0845711081424
101423,DSDP S.210 616 M,limestone,2077.43,441.27,2080.0,2121.29651134608
101486,DSDP S.288 270 M,limestone,2023.62,731.96,1830.0,1830.96238969138
101487,DSDP S.288 270 M,limestone,2077.43,742.78,1830.0,1866.185710212699
101488,DSDP S.288 271.0M,limestone,1991.14,699.8,1780.0,1782.729647226576
101489,DSDP S.288 271.0M,limestone,2023.62,635.17,1780.0,1745.8790272060294
101490,DSDP S.288 271.5M,limestone,1948.16,721.13,1810.0,1830.829669643969
101491,DSDP S.288 271.5M,limestone,1991.14,678.15,1810.0,1764.2367704291898
101492,DSDP S.288 307.0M,limestone,2034.45,753.61,1950.0,1913.907872402519
101493,DSDP S.288 307.0M,limestone,2120.41,796.59,1950.0,1908.0126294831625
101495,DSDP S.288 346.0M,limestone,2260.5,1011.81,1880.0,1848.4356445606445
101496,DSDP S.288 346.0M,limestone,2325.13,1011.81,1880.0,1894.5642928733253
101497,DSDP S.288 346.5M,limestone,2217.19,958.01,1870.0,1836.611294482136
101498,DSDP S.288 346.5M,limestone,2271.0,947.18,1870.0,1880.358364474707
101499,DSDP S.288 383 M,limestone,1905.18,656.5,1790.0,1830.0740525762396
101500,DSDP S.288 383 M,limestone,1948.16,656.5,1790.0,1785.7428247068078
101503,DSDP S.288 420.0M,limestone,2088.25,882.55,1820.0,1804.809909427551
101504,DSDP S.288 420.0M,limestone,2195.87,882.55,1820.0,1794.6114254196084
101505,DSDP S.288 420.5M,limestone,2378.94,1076.44,1870.0,1847.438311407468
101506,DSDP S.288 420.5M,limestone,2421.92,1076.44,1870.0,1877.1245845003546
101507,DSDP S.288 458.0M,limestone,2281.82,839.57,1830.0,1859.7668262091388
101508,DSDP S.288 458.0M,limestone,2174.21,785.76,1830.0,1870.309220193569
101509,DSDP S.288 458.5M,limestone,2001.97,688.98,1890.0,1882.2917832147186
101510,DSDP S.288 458.5M,limestone,2023.62,710.3,1890.0,1912.2643196058207
101511,DSDP S.288 459.0M,limestone,2055.77,699.8,1880.0,1926.236154503894
101512,DSDP S.288 459.0M,limestone,2066.6,688.98,1880.0,1916.2565709430194
101513,DSDP S.288 459.5M,limestone,1948.16,710.3,1840.0,1880.3113117455443
101515,DSDP S.288 535.0M,limestone,2001.97,581.36,1780.0,1829.983233792653
101516,DSDP S.288 535.0M,limestone,1958.99,591.86,1780.0,1825.1660671251025
101517,DSDP S.288 535.5M,limestone,1958.99,538.06,1760.0,1721.7535085081188
101518,DSDP S.288 535.5M,limestone,1991.14,538.06,1760.0,1773.9318195137525
101527,DSDP S.288 609 M,limestone,1873.03,645.67,1860.0,1882.065295332836
101528,DSDP S.288 609 M,limestone,1937.34,645.67,1860.0,1876.1917038351362
101533,DSDP S.288 686 M,limestone,1905.18,548.88,1940.0,1967.9525274000305
101534,DSDP S.288 686 M,limestone,2001.97,559.71,1940.0,1922.8885002809045
101535,DSDP S.288 743 M,limestone,2443.24,1065.62,2190.0,2201.05956690789
101536,DSDP S.288 743 M,limestone,2647.97,1054.79,2190.0,2209.695766333057
101537,DSDP S.288 744 M,limestone,2368.11,1076.44,2020.0,2026.037918598145
101538,DSDP S.288 744 M,limestone,2583.33,1119.42,2020.0,2031.4093228807776
101539,DSDP S.288 745 M,limestone,2400.26,1119.42,2010.0,1997.6937779719808
101540,DSDP S.288 745 M,limestone,2690.94,1291.67,2010.0,2028.6098157280398
101545,DSDP S.288 847 M,limestone,2798.56,1442.26,2120.0,2118.014868817414
101546,DSDP S.288 847 M,limestone,2970.8,1528.54,2120.0,2074.4058806408802
101547,DSDP S.288 848.0M,limestone,2820.21,1453.08,2150.0,2120.3624378838795
101548,DSDP S.288 848.0M,limestone,3100.07,1485.56,2150.0,2106.708294382774
101549,DSDP S.288 848.5M,limestone,3002.95,1506.89,2160.0,2158.831257368452
101550,DSDP S.288 848.5M,limestone,3121.39,1528.54,2160.0,2114.656686060817
101551,DSDP S.288 849.0M,limestone,2712.6,1377.62,2160.0,2126.7259114332924
101552,DSDP S.288 849.0M,limestone,2970.8,1420.93,2160.0,2198.8290648308844
101553,DSDP S.288 849.5M,limestone,2572.51,1377.62,2140.0,2100.783481746341
101554,DSDP S.288 849.5M,limestone,2927.82,1399.28,2140.0,2155.226520582823
101555,DSDP S.288 849.7M,limestone,2583.33,1367.13,2160.0,2130.1500914569424
101556,DSDP S.288 849.7M,limestone,2820.21,1367.13,2160.0,2177.0755546261184
101563,DSDP S.288 857 M,limestone,2583.33,1474.74,2090.0,2106.114951718036
101564,DSDP S.288 857 M,limestone,2959.97,1614.5,2090.0,2102.1938959099275
101567,DSDP S.288 859.5M,limestone,3315.29,1765.42,2340.0,2321.636871813108
101573,DSDP S.288 868.0M,limestone,3250.66,1840.55,2250.0,2295.873132700296
101574,DSDP S.288 868.0M,limestone,3584.32,1873.03,2250.0,2236.6657663609008
101575,DSDP S.288 868.5M,limestone,2594.16,1399.28,2180.0,2146.231412362508
101576,DSDP S.288 868.5M,limestone,2916.99,1453.08,2180.0,2140.627188305713
101577,DSDP S.288 876 M,limestone,2755.58,1377.62,2120.0,2156.514408356918
101578,DSDP S.288 876 M,limestone,2884.84,1420.93,2120.0,2081.4263455370588
101579,DSDP S.288 877 M,limestone,3218.5,1786.75,2270.0,2266.914434758849
101580,DSDP S.288 877 M,limestone,3530.51,1873.03,2270.0,2313.779556288894
101581,DSDP S.288 879 M,limestone,3433.73,1883.53,2350.0,2360.789158129267
101585,DSDP S.288 914 M,limestone,2615.49,1345.47,2130.0,2176.300791220054
101586,DSDP S.288 914 M,limestone,3100.07,1399.28,2130.0,2127.80118966667
101591,DSDP S.288 971 M,limestone,2970.8,1528.54,2310.0,2282.4298571825875
101592,DSDP S.288 971 M,limestone,3250.66,1593.18,2310.0,2308.863575044947
101593,DSDP S.288 981 M,limestone,3379.92,1829.72,2390.0,2426.6708661154253
101682,DSDP S.289 430 M,limestone,2066.6,699.8,1750.0,1778.9897881448605
101683,DSDP S.289 430 M,limestone,2109.58,635.17,1750.0,1735.9671774873364
101687,DSDP S.289 499 M,limestone,2109.58,645.67,1800.0,1808.8813390085425
101695,DSDP S.289 551 M,limestone,2228.02,828.74,1800.0,1777.1922538190156
101696,DSDP S.289 551 M,limestone,2271.0,796.59,1800.0,1778.148459999083
101699,DSDP S.289 582 M,limestone,2217.19,796.59,1820.0,1807.9159311245533
101700,DSDP S.289 582 M,limestone,2185.04,753.61,1820.0,1844.4978532645496
101701,DSDP S.289 590 M,limestone,2249.67,861.22,1820.0,1843.1709828774588
101702,DSDP S.289 590 M,limestone,2228.02,839.57,1820.0,1867.243889561042
101703,DSDP S.289 601 M,limestone,2314.3,828.74,1870.0,1867.3116508101386
101704,DSDP S.289 601 M,limestone,2260.5,753.61,1870.0,1917.5085295788
101705,DSDP S.289 610 M,limestone,2260.5,850.39,1820.0,1792.909649816837
101706,DSDP S.289 610 M,limestone,2238.85,817.91,1820.0,1819.0421944973004
101707,DSDP S.289 611 M,limestone,2303.48,904.2,1800.0,1758.6840058716214
101708,DSDP S.289 611 M,limestone,2238.85,904.2,1800.0,1773.3808367553274
101709,DSDP S.289 618 M,limestone,2368.11,1022.64,1830.0,1859.9257725057867
101710,DSDP S.289 618 M,limestone,2389.44,1022.64,1830.0,1820.244234509604
101711,DSDP S.289 622 M,limestone,2432.74,1033.46,1850.0,1879.570600723516
101712,DSDP S.289 622 M,limestone,2454.07,1054.79,1850.0,1845.39204699828
101713,DSDP S.289 628 M,limestone,2260.5,958.01,1860.0,1855.4360575286883
101714,DSDP S.289 628 M,limestone,2325.13,882.55,1860.0,1891.8537897597187
101719,DSDP S.289 656 M,limestone,2249.67,882.55,1830.0,1854.5816032778823
101720,DSDP S.289 656 M,limestone,2325.13,817.91,1830.0,1797.2687858465802
101721,DSDP S.289 659 M,limestone,2400.26,990.16,1860.0,1820.533777671972
101722,DSDP S.289 659 M,limestone,2475.72,990.16,1860.0,1905.313218533113
101723,DSDP S.289 666 M,limestone,2260.5,882.55,1820.0,1865.1871132442373
101724,DSDP S.289 666 M,limestone,2335.63,796.59,1820.0,1866.00559518212
101725,DSDP S.289 697 M,limestone,2303.48,925.52,1810.0,1827.486841951916
101726,DSDP S.289 697 M,limestone,2346.46,947.18,1810.0,1776.6836697411295
101727,DSDP S.289 705 M,limestone,2271.0,893.37,1920.0,1952.3179423593665
101728,DSDP S.289 705 M,limestone,2389.44,915.03,1920.0,1905.4911164550101
101730,DSDP S.289 714 M,limestone,2325.13,947.18,1930.0,1978.0624029848525
101733,DSDP S.289 736 M,limestone,2152.89,850.39,1880.0,1844.746455551886
101734,DSDP S.289 736 M,limestone,2335.63,925.52,1880.0,1853.0880858054386
101736,DSDP S.289 742 M,limestone,2142.06,774.93,1850.0,1808.6157894946955
101737,DSDP S.289 780 M,limestone,2271.0,1065.62,1950.0,1918.8206375420546
101738,DSDP S.289 780 M,limestone,2432.74,990.16,1950.0,1999.4378701945093
101739,DSDP S.289 789 M,limestone,2249.67,990.16,1900.0,1890.8554651442312
101740,DSDP S.289 789 M,limestone,2346.46,990.16,1900.0,1913.8918747274647
101741,DSDP S.289 799 M,limestone,2325.13,1022.64,1880.0,1923.0993881435488
101742,DSDP S.289 799 M,limestone,2389.44,1011.81,1880.0,1880.4287877764373
101743,DSDP S.289 828 M,limestone,2626.31,1216.21,1770.0,1795.487018310748
101744,DSDP S.289 828 M,limestone,2647.97,1194.88,1770.0,1815.9650386205526
101745,DSDP S.289 847 M,limestone,2518.7,1119.42,1910.0,1888.9507585210056
101746,DSDP S.289 847 M,limestone,2615.49,1141.08,1910.0,1917.9269727667333
101747,DSDP S.289 895 M,limestone,2335.63,925.52,1910.0,1928.296523548829
101748,DSDP S.289 895 M,limestone,2454.07,936.35,1910.0,1899.3583440793107
101749,DSDP S.289 904 M,limestone,2314.3,817.91,1910.0,1869.1278349648
101750,DSDP S.289 904 M,limestone,2368.11,839.57,1910.0,1891.9079889650925
101751,DSDP S.289 913 M,limestone,2604.99,1270.01,1940.0,1953.3210129232873
101752,DSDP S.289 913 M,limestone,2701.77,1313.32,1940.0,1913.605566553185
101753,DSDP S.289 916 M,limestone,2561.68,968.83,1870.0,1821.900391123168
101754,DSDP S.289 916 M,limestone,2497.05,968.83,1870.0,1844.4358887225333
101755,DSDP S.289 924 M,limestone,2658.79,1302.49,1950.0,1998.0617607537
101756,DSDP S.289 924 M,limestone,2712.6,1248.69,1950.0,1913.880817220519
101757,DSDP S.289 933 M,limestone,2776.9,1248.69,1910.0,1950.2757849023
101758,DSDP S.289 933 M,limestone,2820.21,1227.03,1910.0,1906.7762995546707
101759,DSDP S.289 941 M,limestone,2723.1,1270.01,1900.0,1942.4251154198976
101760,DSDP S.289 941 M,limestone,2680.12,1248.69,1900.0,1938.0798299024937
101761,DSDP S.289 951 M,limestone,2346.46,947.18,1960.0,1957.4030986349226
101762,DSDP S.289 951 M,limestone,2421.92,925.52,1960.0,1956.305780334838
101763,DSDP S.289 953 M,limestone,2712.6,1141.08,1940.0,1974.9898492894488
101764,DSDP S.289 953 M,limestone,2766.4,1141.08,1940.0,1921.742018380081
101765,DSDP S.289 961.0M,limestone,2368.11,947.18,1990.0,1975.4860235160165
101766,DSDP S.289 961.0M,limestone,2518.7,947.18,1990.0,1983.9844067505605
101767,DSDP S.289 961.5M,limestone,2604.99,1216.21,2020.0,2069.114340331648
101768,DSDP S.289 961.5M,limestone,2766.4,1248.69,2020.0,2010.9426862589835
101773,DSDP S.289 999 M,limestone,2432.74,1119.42,1970.0,1978.690581024753
101774,DSDP S.289 999 M,limestone,2583.33,1141.08,1970.0,1921.5956007971454
101775,DSDP S.289 1009.0M,limestone,2615.49,1162.4,2000.0,1956.4785262711512
101776,DSDP S.289 1009.0M,limestone,2798.56,1184.06,2000.0,2033.4675953738706
101777,DSDP S.289 1009.5M,limestone,2518.7,1194.88,2010.0,2046.1827387930189
101778,DSDP S.289 1009.5M,limestone,2723.1,1248.69,2010.0,2045.4039910242109
101779,DSDP S.289 1017 M,limestone,2680.12,1141.08,1980.0,1964.920771337103
101780,DSDP S.289 1017 M,limestone,2895.34,1173.23,1980.0,1961.0774671662307
101783,DSDP S.289 1027 M,limestone,3024.61,1367.13,2100.0,2101.231835264936
101784,DSDP S.289 1027 M,limestone,3121.39,1399.28,2100.0,2135.472641678767
101820,DSDP S.289 1175 M,limestone,2690.94,1205.38,2100.0,2090.470023436836
101823,DSDP S.289 1233 M,limestone,2874.02,1571.52,2140.0,2160.5141048682235
101824,DSDP S.289 1233 M,limestone,3143.04,1743.77,2140.0,2160.763468787789
102841,SOLENHOFEN LIMESTONE 69-2,limestone,1845.0,969.0,,
101127,PICKETT LIMESTONE,limestone,1910.14,988.49,,
102855,SOLENHOFEN LIMESTONE 69-2,limestone,5940.0,3140.0,,
102846,SOLENHOFEN LIMESTONE 69-2,limestone,1887.0,990.0,,
101131,PICKETT LIMESTONE,limestone,1849.71,993.31,,
101143,PICKETT LIMESTONE,limestone,5753.28,3086.94,,
101145,PICKETT LIMESTONE,limestone,5863.52,2966.86,,
101151,PICKETT LIMESTONE,limestone,5447.18,2899.93,,
101125,PICKETT LIMESTONE,limestone,1927.17,1001.38,,
101117,PICKETT LIMESTONE,limestone,1956.5,1021.26,,
101121,PICKETT LIMESTONE,limestone,1938.88,1007.87,,
101136,PICKETT LIMESTONE,limestone,5895.34,3227.69,,
102847,SOLENHOFEN LIMESTONE 69-2,limestone,1878.0,990.0,,
102845,SOLENHOFEN LIMESTONE 69-2,limestone,1893.0,990.0,,
101157,PICKETT LIMESTONE,limestone,5147.31,2625.66,,
101123,PICKETT LIMESTONE,limestone,1898.82,1016.14,,
101122,PICKETT LIMESTONE,limestone,1921.46,1022.93,,
101153,PICKETT LIMESTONE,limestone,5378.94,2843.83,,
102848,SOLENHOFEN LIMESTONE 69-2,limestone,1869.0,990.0,,
101148,PICKETT LIMESTONE,limestone,5722.77,2851.71,,
101135,PICKETT LIMESTONE,limestone,1808.27,954.82,,
101144,PICKETT LIMESTONE,limestone,5692.26,3037.07,,
101154,PICKETT LIMESTONE,limestone,5260.5,2801.18,,
101159,PICKETT LIMESTONE,limestone,4823.82,2563.65,,
101155,PICKETT LIMESTONE,limestone,5260.5,2752.3,,
102854,SOLENHOFEN LIMESTONE 69-2,limestone,1812.0,948.0,,
101146,PICKETT LIMESTONE,limestone,5879.27,2949.8,,
101164,PICKETT LIMESTONE,limestone,4390.09,2360.56,,
102853,SOLENHOFEN LIMESTONE 69-2,limestone,1980.0,954.0,,
101124,PICKETT LIMESTONE,limestone,1893.31,1006.2,,
102844,SOLENHOFEN LIMESTONE 69-2,limestone,1896.0,987.0,,
101152,PICKETT LIMESTONE,limestone,5365.81,2863.52,,
101126,PICKETT LIMESTONE,limestone,1915.85,999.71,,
101129,PICKETT LIMESTONE,limestone,1876.68,993.31,,
101149,PICKETT LIMESTONE,limestone,5475.07,2916.34,,
101163,PICKETT LIMESTONE,limestone,4596.78,2387.8,,
101150,PICKETT LIMESTONE,limestone,5488.85,2903.87,,
101130,PICKETT LIMESTONE,limestone,1876.68,983.76,,
101138,PICKETT LIMESTONE,limestone,1803.35,941.73,,
101142,PICKETT LIMESTONE,limestone,5895.34,3068.57,,
101118,PICKETT LIMESTONE,limestone,1950.49,1014.47,,
101162,PICKETT LIMESTONE,limestone,4666.34,2474.08,,
102842,SOLENHOFEN LIMESTONE 69-2,limestone,1875.0,978.0,,
102852,SOLENHOFEN LIMESTONE 69-2,limestone,1821.0,957.0,,
102843,SOLENHOFEN LIMESTONE 69-2,limestone,1890.0,984.0,,
101141,PICKETT LIMESTONE,limestone,5911.75,3082.35,,
101134,PICKETT LIMESTONE,limestone,1834.06,957.78,,
101119,PICKETT LIMESTONE,limestone,1950.49,1014.47,,
102242,R.PRICE 10921.5 #43,dolomite,4265.09,2555.77,2340.0,2318.184590418665
102096,R.PRICE 10889.5 #13,dolomite,5708.66,3444.88,2690.0,2705.9387555262024
102196,R.PRICE 10913.5 #35,dolomite,4855.64,2841.21,2440.0,2435.40362591893
102071,R.PRICE 10883.5 #7,dolomite,4986.88,3034.78,2570.0,2573.302019552264
102089,R.PRICE 10883.5 #7,dolomite,5544.62,3070.87,2570.0,2559.995058824221
102081,R.PRICE 10883.5 #7,dolomite,4986.88,2732.94,2570.0,2544.1991386037284
102256,R.PRICE 10921.5 #43,dolomite,4461.94,2431.1,2340.0,2310.7727552458546
102150,R.PRICE 10901.5 #25,dolomite,5216.54,2801.84,2530.0,2480.650146322078
102267,R.PRICE 10926.5 #48,dolomite,5774.28,3379.27,2560.0,2580.380454038579
102221,R.PRICE 10916.5 #38,dolomite,5282.15,2995.41,2440.0,2469.2685963555164
102116,R.PRICE 10890.5 #14,dolomite,5741.47,3444.88,2640.0,2683.8705140788543
102274,R.PRICE 10926.5 #48,dolomite,5741.47,3221.78,2560.0,2533.901675395383
102249,R.PRICE 10921.5 #43,dolomite,4002.62,2083.33,2340.0,2388.188621021648
102140,R.PRICE 10901.5 #25,dolomite,5052.49,2962.6,2530.0,2539.5011937072736
102121,R.PRICE 10890.5 #14,dolomite,5314.96,3172.57,2640.0,2636.6601196349147
102264,R.PRICE 10926.5 #48,dolomite,5577.43,3313.65,2560.0,2569.110252604717
102180,R.PRICE 10909.5 #31,dolomite,4625.98,2765.75,2370.0,2364.6598479352465
102297,R.PRICE 10928.5 #50,dolomite,4527.56,2434.38,2310.0,2299.1671054280464
102141,R.PRICE 10901.5 #25,dolomite,5314.96,3136.48,2530.0,2572.2417818335675
102215,R.PRICE 10913.5 #35,dolomite,5610.24,3028.22,2440.0,2417.887121796965
102224,R.PRICE 10916.5 #38,dolomite,5249.34,3011.81,2440.0,2398.4339372320624
102272,R.PRICE 10926.5 #48,dolomite,5708.66,3231.63,2560.0,2585.716693597929
102135,R.PRICE 10901.5 #25,dolomite,4691.6,2874.02,2530.0,2562.781774315638
102094,R.PRICE 10889.5 #13,dolomite,5675.85,3412.07,2690.0,2690.369468217226
102142,R.PRICE 10901.5 #25,dolomite,4396.33,2588.58,2530.0,2518.1871683480717
102152,R.PRICE 10901.5 #25,dolomite,5479.0,2962.6,2530.0,2486.023985630356
102091,R.PRICE 10889.5 #13,dolomite,5216.54,3123.36,2690.0,2666.705131852106
102222,R.PRICE 10916.5 #38,dolomite,5249.34,2998.69,2440.0,2474.531419697467
102227,R.PRICE 10916.5 #38,dolomite,4921.26,2601.71,2440.0,2390.7637978837965
102093,R.PRICE 10889.5 #13,dolomite,5577.43,3346.46,2690.0,2674.72679875615
102136,R.PRICE 10901.5 #25,dolomite,4986.88,2942.91,2530.0,2564.547424119076
102298,R.PRICE 10928.5 #50,dolomite,4625.98,2529.53,2310.0,2262.1977999596484
102144,R.PRICE 10901.5 #25,dolomite,4954.07,2657.48,2530.0,2545.1358370180715
102248,R.PRICE 10921.5 #43,dolomite,3608.92,1916.01,2340.0,2357.610724391925
102087,R.PRICE 10883.5 #7,dolomite,5314.96,2890.42,2570.0,2606.9339057538473
102197,R.PRICE 10913.5 #35,dolomite,5019.69,2916.67,2440.0,2437.0228305005467
102206,R.PRICE 10913.5 #35,dolomite,5019.69,2578.74,2440.0,2444.695776679752
102250,R.PRICE 10921.5 #43,dolomite,4232.28,2191.6,2340.0,2368.122900955925
102228,R.PRICE 10916.5 #38,dolomite,5019.69,2719.82,2440.0,2415.0926906353225
102205,R.PRICE 10913.5 #35,dolomite,4888.45,2828.08,2440.0,2453.270124244777
102187,R.PRICE 10909.5 #31,dolomite,4560.37,2457.35,2370.0,2338.609059195915
102278,R.PRICE 10926.5 #48,dolomite,5905.51,3313.65,2560.0,2576.296356958176
102165,R.PRICE 10908.5 #30,dolomite,4527.56,2467.19,2390.0,2342.1530294870577
102266,R.PRICE 10926.5 #48,dolomite,5577.43,3313.65,2560.0,2570.820194782801
102133,R.PRICE 10901.5 #25,dolomite,4330.71,2562.34,2530.0,2547.2343626083607
102146,R.PRICE 10901.5 #25,dolomite,5249.34,2847.77,2530.0,2485.168085192838
102095,R.PRICE 10889.5 #13,dolomite,5741.47,3412.07,2690.0,2668.961667289407
102212,R.PRICE 10913.5 #35,dolomite,5380.58,3028.22,2440.0,2397.869155313258
102203,R.PRICE 10913.5 #35,dolomite,5249.34,3038.06,2440.0,2437.545487186435
102231,R.PRICE 10916.5 #38,dolomite,5282.15,2847.77,2440.0,2455.714340107172
102263,R.PRICE 10926.5 #48,dolomite,5577.43,3313.65,2560.0,2553.2633480378645
102167,R.PRICE 10908.5 #30,dolomite,4855.64,2660.76,2390.0,2427.679482994194
102245,R.PRICE 10921.5 #43,dolomite,4265.09,2559.06,2340.0,2338.8465010540986
102073,R.PRICE 10883.5 #7,dolomite,5183.73,3139.76,2570.0,2547.8359869440064
102084,R.PRICE 10883.5 #7,dolomite,5347.77,2893.7,2570.0,2523.737902922511
102114,R.PRICE 10890.5 #14,dolomite,5479.0,3313.65,2640.0,2609.422953999177
102299,R.PRICE 10928.5 #50,dolomite,4724.41,2578.74,2310.0,2311.044301302188
102234,R.PRICE 10916.5 #38,dolomite,5282.15,2854.33,2440.0,2398.426414647153
102204,R.PRICE 10913.5 #35,dolomite,5511.81,3192.26,2440.0,2416.1746790529637
102147,R.PRICE 10901.5 #25,dolomite,5282.15,2841.21,2530.0,2498.9862826549233
102192,R.PRICE 10909.5 #31,dolomite,4658.79,2591.86,2370.0,2397.837309870419
102145,R.PRICE 10901.5 #25,dolomite,5085.3,2742.78,2530.0,2546.961293321705
102082,R.PRICE 10883.5 #7,dolomite,5150.92,2798.56,2570.0,2581.29265828332
102294,R.PRICE 10928.5 #50,dolomite,4560.37,2440.94,2310.0,2337.0125670056705
102283,R.PRICE 10928.5 #50,dolomite,4461.94,2604.99,2310.0,2300.805899991419
102177,R.PRICE 10909.5 #31,dolomite,4429.13,2716.54,2370.0,2412.9582524204725
102158,R.PRICE 10908.5 #30,dolomite,4658.79,2791.99,2390.0,2417.0198304306364
102270,R.PRICE 10926.5 #48,dolomite,5511.81,3139.76,2560.0,2585.3851963762468
102118,R.PRICE 10890.5 #14,dolomite,5741.47,3477.69,2640.0,2665.6188621447022
102156,R.PRICE 10908.5 #30,dolomite,4461.94,2687.01,2390.0,2350.3863605306133
102255,R.PRICE 10921.5 #43,dolomite,4363.52,2322.83,2340.0,2348.818781264139
102289,R.PRICE 10928.5 #50,dolomite,4002.62,2365.49,2310.0,2331.1876885446363
102169,R.PRICE 10908.5 #30,dolomite,4855.64,2657.48,2390.0,2415.024021881207
102195,R.PRICE 10909.5 #31,dolomite,4232.28,2312.99,2370.0,2330.8619305127568
102080,R.PRICE 10883.5 #7,dolomite,4790.03,2647.64,2570.0,2552.253147807217
102260,R.PRICE 10926.5 #48,dolomite,5413.39,3225.07,2560.0,2563.7082245878
102173,R.PRICE 10908.5 #30,dolomite,5183.73,2814.96,2390.0,2396.7937151852952
102134,R.PRICE 10901.5 #25,dolomite,4527.56,2749.34,2530.0,2539.9388248901723
102076,R.PRICE 10883.5 #7,dolomite,5216.54,3152.89,2570.0,2588.734478570238
102170,R.PRICE 10908.5 #30,dolomite,4855.64,2654.2,2390.0,2382.7611036231315
102240,R.PRICE 10921.5 #43,dolomite,4002.62,2388.45,2340.0,2351.091917625563
102209,R.PRICE 10913.5 #35,dolomite,5314.96,2949.48,2440.0,2479.9995728036747
102202,R.PRICE 10913.5 #35,dolomite,5249.34,3028.22,2440.0,2409.8683707652813
102072,R.PRICE 10883.5 #7,dolomite,5085.3,3067.59,2570.0,2555.555879311871
102162,R.PRICE 10908.5 #30,dolomite,5019.69,2923.23,2390.0,2426.32394896784
102100,R.PRICE 10889.5 #13,dolomite,5314.96,3162.73,2690.0,2654.832459785331
102083,R.PRICE 10883.5 #7,dolomite,5347.77,2900.26,2570.0,2550.419682476625
102148,R.PRICE 10901.5 #25,dolomite,5249.34,2811.68,2530.0,2511.970615846343
102168,R.PRICE 10908.5 #30,dolomite,4855.64,2660.76,2390.0,2424.8467976809397
102153,R.PRICE 10901.5 #25,dolomite,4790.03,2486.88,2530.0,2563.4696362906593
102079,R.PRICE 10883.5 #7,dolomite,4855.64,2893.7,2570.0,2553.398392423089
102300,R.PRICE 10928.5 #50,dolomite,4068.24,2178.48,2310.0,2265.824046014119
102155,R.PRICE 10908.5 #30,dolomite,4330.71,2650.92,2390.0,2385.8625878161824
102273,R.PRICE 10926.5 #48,dolomite,5708.66,3225.07,2560.0,2601.2865396382167
102113,R.PRICE 10890.5 #14,dolomite,5413.39,3248.03,2640.0,2658.6992833554164
102262,R.PRICE 10926.5 #48,dolomite,5577.43,3280.84,2560.0,2604.2420352926915
102193,R.PRICE 10909.5 #31,dolomite,4790.03,2696.85,2370.0,2378.0143988340124
102291,R.PRICE 10928.5 #50,dolomite,4232.28,2188.32,2310.0,2302.853537413976
102151,R.PRICE 10901.5 #25,dolomite,5413.39,2919.95,2530.0,2572.067458516863
102293,R.PRICE 10928.5 #50,dolomite,4560.37,2431.1,2310.0,2288.7706442488875
102238,R.PRICE 10921.5 #43,dolomite,3576.12,2217.85,2340.0,2382.6383788840108
102233,R.PRICE 10916.5 #38,dolomite,5249.34,2847.77,2440.0,2391.904432256593
102166,R.PRICE 10908.5 #30,dolomite,4691.6,2559.06,2390.0,2405.498792289123
102230,R.PRICE 10916.5 #38,dolomite,5216.54,2841.21,2440.0,2427.409566202249
102218,R.PRICE 10916.5 #38,dolomite,4954.07,2867.45,2440.0,2452.72551340518
102288,R.PRICE 10928.5 #50,dolomite,4691.6,2726.38,2310.0,2348.607045353101
102286,R.PRICE 10928.5 #50,dolomite,4461.94,2601.71,2310.0,2272.5694855797738
102137,R.PRICE 10901.5 #25,dolomite,5052.49,2926.51,2530.0,2528.160066947749
102259,R.PRICE 10926.5 #48,dolomite,5380.58,2828.08,2560.0,2554.0457960499984
102219,R.PRICE 10916.5 #38,dolomite,5052.49,2942.91,2440.0,2468.8171042484933
102092,R.PRICE 10889.5 #13,dolomite,5479.0,3280.84,2690.0,2739.766437304508
102281,R.PRICE 10928.5 #50,dolomite,4199.48,2454.07,2310.0,2325.524181030261
102214,R.PRICE 10913.5 #35,dolomite,5479.0,2975.72,2440.0,2473.3784064062743
102111,R.PRICE 10889.5 #13,dolomite,5807.09,2896.98,2690.0,2705.5573394560097
102077,R.PRICE 10883.5 #7,dolomite,5249.34,3156.17,2570.0,2558.6457708064345
102246,R.PRICE 10921.5 #43,dolomite,4527.56,2732.94,2340.0,2368.66839430174
102188,R.PRICE 10909.5 #31,dolomite,4691.6,2588.58,2370.0,2393.5331058733395
102160,R.PRICE 10908.5 #30,dolomite,4691.6,2759.19,2390.0,2437.7578912239464
102243,R.PRICE 10921.5 #43,dolomite,4265.09,2578.74,2340.0,2326.784023202333
102223,R.PRICE 10916.5 #38,dolomite,5216.54,3005.25,2440.0,2474.310070198939
102070,R.PRICE 10883.5 #7,dolomite,4822.83,2923.23,2570.0,2597.043207836065
102124,R.PRICE 10890.5 #14,dolomite,5938.32,3218.5,2640.0,2667.89707561398
102208,R.PRICE 10913.5 #35,dolomite,5183.73,2821.52,2440.0,2445.566089958957
102112,R.PRICE 10890.5 #14,dolomite,5347.77,3169.29,2640.0,2681.317650121468
102115,R.PRICE 10890.5 #14,dolomite,5741.47,3444.88,2640.0,2636.0871485839025
102164,R.PRICE 10908.5 #30,dolomite,4265.09,2339.24,2390.0,2376.3096065718705
102097,R.PRICE 10889.5 #13,dolomite,5708.66,3444.88,2690.0,2678.5703487877813
102265,R.PRICE 10926.5 #48,dolomite,5610.24,3313.65,2560.0,2559.171304139406
102268,R.PRICE 10926.5 #48,dolomite,5347.77,3169.29,2560.0,2514.7195477780056
102220,R.PRICE 10916.5 #38,dolomite,5249.34,3001.97,2440.0,2477.294978265087
102184,R.PRICE 10909.5 #31,dolomite,4068.24,2480.31,2370.0,2330.1220716601924
102190,R.PRICE 10909.5 #31,dolomite,4691.6,2588.58,2370.0,2342.8198698103306
102276,R.PRICE 10926.5 #48,dolomite,5708.66,3211.94,2560.0,2575.637684995009
102185,R.PRICE 10909.5 #31,dolomite,4199.48,2198.16,2370.0,2394.206498205116
102292,R.PRICE 10928.5 #50,dolomite,4396.33,2349.08,2310.0,2263.361427437331
102285,R.PRICE 10928.5 #50,dolomite,4494.75,2611.55,2310.0,2357.643470931166
102207,R.PRICE 10913.5 #35,dolomite,5150.92,2709.97,2440.0,2470.40814253353
102176,R.PRICE 10909.5 #31,dolomite,4265.09,2680.45,2370.0,2377.4306247631257
102159,R.PRICE 10908.5 #30,dolomite,4691.6,2778.87,2390.0,2360.940007935021
102182,R.PRICE 10909.5 #31,dolomite,4658.79,2765.75,2370.0,2344.9198459668696
102252,R.PRICE 10921.5 #43,dolomite,4363.52,2306.43,2340.0,2343.8053549416463
102290,R.PRICE 10928.5 #50,dolomite,4035.43,2129.27,2310.0,2316.77617695676
102179,R.PRICE 10909.5 #31,dolomite,4593.18,2765.75,2370.0,2343.774209082761
102078,R.PRICE 10883.5 #7,dolomite,5479.0,3267.72,2570.0,2609.816383866391
102237,R.PRICE 10916.5 #38,dolomite,4954.07,2562.34,2440.0,2404.1507128805843
102101,R.PRICE 10889.5 #13,dolomite,5938.32,2926.51,2690.0,2705.113738369101
102277,R.PRICE 10926.5 #48,dolomite,5807.09,3280.84,2560.0,2539.89390780081
102210,R.PRICE 10913.5 #35,dolomite,5380.58,2956.04,2440.0,2482.51729394238
102139,R.PRICE 10901.5 #25,dolomite,5052.49,2952.76,2530.0,2569.768631214397
102271,R.PRICE 10926.5 #48,dolomite,5577.43,3169.29,2560.0,2608.447433468467
102251,R.PRICE 10921.5 #43,dolomite,4396.33,2312.99,2340.0,2329.081189241658
102200,R.PRICE 10913.5 #35,dolomite,5249.34,3031.5,2440.0,2434.6304776157976
102117,R.PRICE 10890.5 #14,dolomite,5774.28,3444.88,2640.0,2635.804940262455
102189,R.PRICE 10909.5 #31,dolomite,4658.79,2582.02,2370.0,2322.473119796661
102287,R.PRICE 10928.5 #50,dolomite,4527.56,2611.55,2310.0,2319.076415532986
102103,R.PRICE 10889.5 #13,dolomite,5938.32,3379.27,2690.0,2701.2112427271077
102257,R.PRICE 10921.5 #43,dolomite,4593.18,2473.75,2340.0,2317.08456153721
102154,R.PRICE 10908.5 #30,dolomite,4199.48,2588.58,2390.0,2392.7753025131674
102216,R.PRICE 10913.5 #35,dolomite,4986.88,2582.02,2440.0,2467.511489850444
102226,R.PRICE 10916.5 #38,dolomite,4822.83,2772.31,2440.0,2400.4979418711278
102132,R.PRICE 10890.5 #14,dolomite,5708.66,2828.08,2640.0,2614.8496146026137
102181,R.PRICE 10909.5 #31,dolomite,4625.98,2769.03,2370.0,2341.509324660873
102090,R.PRICE 10883.5 #7,dolomite,4921.26,2670.6,2570.0,2600.862440447398
102157,R.PRICE 10908.5 #30,dolomite,4593.18,2772.31,2390.0,2384.660427940716
102161,R.PRICE 10908.5 #30,dolomite,4691.6,2795.28,2390.0,2350.365189097396
102211,R.PRICE 10913.5 #35,dolomite,5380.58,2985.56,2440.0,2445.586288555728
102172,R.PRICE 10908.5 #30,dolomite,5019.69,2736.22,2390.0,2433.0621770998546
102123,R.PRICE 10890.5 #14,dolomite,5774.28,3175.85,2640.0,2658.437770769064
102244,R.PRICE 10921.5 #43,dolomite,4265.09,2582.02,2340.0,2386.2430082677074
102075,R.PRICE 10883.5 #7,dolomite,5216.54,3143.04,2570.0,2604.842403209376
102098,R.PRICE 10889.5 #13,dolomite,5774.28,3444.88,2690.0,2670.5425244147405
102247,R.PRICE 10921.5 #43,dolomite,3510.5,2208.01,2340.0,2371.2709799088816
102217,R.PRICE 10916.5 #38,dolomite,4724.41,2762.47,2440.0,2441.616621700813
102236,R.PRICE 10916.5 #38,dolomite,5446.19,2975.72,2440.0,2489.2017318051603
102085,R.PRICE 10883.5 #7,dolomite,5314.96,2893.7,2570.0,2603.331906783289
102235,R.PRICE 10916.5 #38,dolomite,5380.58,2923.23,2440.0,2410.9135057470025
102183,R.PRICE 10909.5 #31,dolomite,4921.26,2896.98,2370.0,2366.684962727916
102143,R.PRICE 10901.5 #25,dolomite,4757.22,2440.94,2530.0,2524.8340521524165
102163,R.PRICE 10908.5 #30,dolomite,4199.48,2568.9,2390.0,2399.6747301640453
102175,R.PRICE 10909.5 #31,dolomite,4035.43,2460.63,2370.0,2381.3982618818923
102261,R.PRICE 10926.5 #48,dolomite,5479.0,3257.87,2560.0,2549.494057936119
102284,R.PRICE 10928.5 #50,dolomite,4494.75,2604.99,2310.0,2313.536813602255
102232,R.PRICE 10916.5 #38,dolomite,5249.34,2844.49,2440.0,2463.289184987068
102138,R.PRICE 10901.5 #25,dolomite,5019.69,2916.67,2530.0,2511.6500666573497
102074,R.PRICE 10883.5 #7,dolomite,5216.54,3136.48,2570.0,2549.2531378774684
102171,R.PRICE 10908.5 #30,dolomite,4855.64,2660.76,2390.0,2375.2448147939567
102102,R.PRICE 10889.5 #13,dolomite,5938.32,3346.46,2690.0,2652.8662184824952
102119,R.PRICE 10890.5 #14,dolomite,5741.47,3412.07,2640.0,2592.1322205484184
102186,R.PRICE 10909.5 #31,dolomite,4429.13,2355.64,2370.0,2332.5791355050715
102149,R.PRICE 10901.5 #25,dolomite,5216.54,2795.28,2530.0,2549.259719425268
102258,R.PRICE 10921.5 #43,dolomite,3576.12,2011.15,2340.0,2354.001098861177
102229,R.PRICE 10916.5 #38,dolomite,5118.11,2772.31,2440.0,2398.846695755281
102279,R.PRICE 10926.5 #48,dolomite,5479.0,2739.5,2560.0,2530.008391214224
102296,R.PRICE 10928.5 #50,dolomite,4527.56,2421.26,2310.0,2316.108010124287
102174,R.PRICE 10908.5 #30,dolomite,4363.52,2293.31,2390.0,2420.4220829308388
102178,R.PRICE 10909.5 #31,dolomite,4625.98,2759.19,2370.0,2414.0166897248496
102225,R.PRICE 10916.5 #38,dolomite,5446.19,3116.8,2440.0,2475.7291864389904
102088,R.PRICE 10883.5 #7,dolomite,5446.19,2998.69,2570.0,2521.125327995893
102213,R.PRICE 10913.5 #35,dolomite,5347.77,2933.07,2440.0,2470.806475307371
102086,R.PRICE 10883.5 #7,dolomite,5347.77,2896.98,2570.0,2549.158240715569
